image_id,outfit_id,filename,generation_timestamp,prompt,revised_prompt,evaluation_status
img_20250421_221714_0,outfit_20250421_221714,image_20250421_221714_0.jpg,2025-04-21 22:23:36,,,Generated
img_20250421_221714_1,outfit_20250421_221714,image_20250421_221714_1.jpg,2025-04-21 22:23:36,,,Generated
img_20250421_221749_0,outfit_20250421_221749,image_20250421_221749_0.jpg,2025-04-21 22:23:36,,,Generated
img_20250421_221749_1,outfit_20250421_221749,image_20250421_221749_1.jpg,2025-04-21 22:23:36,,,Generated
img_20250421_221650_0,outfit_20250421_221650,image_20250421_221650_0.jpg,2025-04-21 22:23:36,,,Generated
img_20250421_221650_1,outfit_20250421_221650,image_20250421_221650_1.jpg,2025-04-21 22:23:36,,,Generated
img_20250421_221737_0,outfit_20250421_221737,image_20250421_221737_0.jpg,2025-04-21 22:23:36,,,Generated
img_20250421_221737_1,outfit_20250421_221737,image_20250421_221737_1.jpg,2025-04-21 22:23:36,,,Generated
img_20250421_221639_0,outfit_20250421_221639,image_20250421_221639_0.jpg,2025-04-21 22:23:36,,,Generated
img_20250421_221639_1,outfit_20250421_221639,image_20250421_221639_1.jpg,2025-04-21 22:23:36,,,Generated
img_20250421_221702_0,outfit_20250421_221702,image_20250421_221702_0.jpg,2025-04-21 22:23:36,,,Generated
img_20250421_221702_1,outfit_20250421_221702,image_20250421_221702_1.jpg,2025-04-21 22:23:36,,,Generated
img_20250421_221627_0,outfit_20250421_221627,image_20250421_221627_0.jpg,2025-04-21 22:23:36,,,Generated
img_20250421_221627_1,outfit_20250421_221627,image_20250421_221627_1.jpg,2025-04-21 22:23:36,,,Generated
img_20250421_221725_0,outfit_20250421_221725,image_20250421_221725_0.jpg,2025-04-21 22:23:36,,,Generated
img_20250421_221725_1,outfit_20250421_221725,image_20250421_221725_1.jpg,2025-04-21 22:23:36,,,Generated
"img_20250421_232034","outfit_20250421_231945","image_20250421_232034_0.jpg","2025-04-21 23:20:34","Fashion illustration of: Top: **Top:** A  tailored white, double-breasted blazer crafted from a lightweight wool blend. Bottom: **Bottom:** Black denim pants cut in a wide-leg silhouette with a modern high waist. Shoes: **Shoes:** Black suede platform boots with a chunky heel, reaching just above the ankle. Style: {'PROFESSIONAL'}. Color palette: {'black', 'white', 'red', 'silver'}. High quality fashion illustration, detailed textures and materials.","A high-resolution fashion illustration of a woman wearing a tailored white, double-breasted blazer and black wide-leg denim pants with a high waist. She is accessorized with black suede platform boots featuring a chunky heel. The background is a neutral, softly lit studio setting that highlights the outfit without distraction. The woman's hair is styled in a sleek bun, and her expression is professional yet approachable. The color palette is limited to black, white, red, and silver, with detailed textures showcasing the materials of the clothing. The lighting is natural and soft, focusing on the outfit's details and creating a professional yet stylish ambiance.","Pending"
"img_20250421_232034","outfit_20250421_231945","image_20250421_232034_1.jpg","2025-04-21 23:20:34","Fashion illustration of: Top: **Top:** A  tailored white, double-breasted blazer crafted from a lightweight wool blend. Bottom: **Bottom:** Black denim pants cut in a wide-leg silhouette with a modern high waist. Shoes: **Shoes:** Black suede platform boots with a chunky heel, reaching just above the ankle. Style: {'PROFESSIONAL'}. Color palette: {'black', 'white', 'red', 'silver'}. High quality fashion illustration, detailed textures and materials.","A high-resolution fashion illustration of a woman wearing a tailored white, double-breasted blazer and black wide-leg denim pants with a high waist. She is accessorized with black suede platform boots featuring a chunky heel. The background is a neutral, softly lit studio setting that highlights the outfit without distraction. The woman's hair is styled in a sleek bun, and her expression is professional yet approachable. The color palette is limited to black, white, red, and silver, with detailed textures showcasing the materials of the clothing. The lighting is natural and soft, focusing on the outfit's details and creating a professional yet stylish ambiance.","Pending"
"img_20250421_232329","outfit_20250421_232012","image_20250421_232329_0.jpg","2025-04-21 23:23:29","Fashion illustration of: Top: A fitted lavender satin blouse with a dramatic asymmetrical hemline that dips lower on the right side. Bottom: High-waisted, wide-leg trousers crafted from deep pink velvet. Shoes: Sleek black pointed-toe pumps with a chunky block heel for added height and visual impact. Accessories: A statement necklace composed of oversized pink quartz beads and silver accents, drawing attention to the neckline and adding a bold touch of femininity. Style: {'CASUAL'}. Color palette: {'pink', 'red', 'black', 'green', 'silver'}. High quality fashion illustration, detailed textures and materials.","A high-quality fashion illustration of a woman wearing a fitted lavender satin blouse with an asymmetrical hemline dipping lower on the right side, paired with high-waisted, wide-leg deep pink velvet trousers. She is accessorized with a statement necklace of oversized pink quartz beads and silver accents, and wears sleek black pointed-toe pumps with a chunky block heel. The woman has long, wavy brown hair and a serene expression, set against a soft, pastel-colored studio background. The lighting is natural and soft, highlighting the detailed textures and materials of the outfit. The focus is primarily on the woman and her attire, with a shallow depth of field to minimize background distractions.","Pending"
"img_20250421_232329","outfit_20250421_232012","image_20250421_232329_1.jpg","2025-04-21 23:23:29","Fashion illustration of: Top: A fitted lavender satin blouse with a dramatic asymmetrical hemline that dips lower on the right side. Bottom: High-waisted, wide-leg trousers crafted from deep pink velvet. Shoes: Sleek black pointed-toe pumps with a chunky block heel for added height and visual impact. Accessories: A statement necklace composed of oversized pink quartz beads and silver accents, drawing attention to the neckline and adding a bold touch of femininity. Style: {'CASUAL'}. Color palette: {'pink', 'red', 'black', 'green', 'silver'}. High quality fashion illustration, detailed textures and materials.","A high-quality fashion illustration of a woman wearing a fitted lavender satin blouse with an asymmetrical hemline dipping lower on the right side, paired with high-waisted, wide-leg deep pink velvet trousers. She is accessorized with a statement necklace of oversized pink quartz beads and silver accents, and wears sleek black pointed-toe pumps with a chunky block heel. The woman has long, wavy brown hair and a serene expression, set against a soft, pastel-colored studio background. The lighting is natural and soft, highlighting the detailed textures and materials of the outfit. The focus is primarily on the woman and her attire, with a shallow depth of field to minimize background distractions.","Pending"
"img_20250421_233859","outfit_20250421_232437","image_20250421_233859_0.jpg","2025-04-21 23:38:59","Fashion illustration of: Top: A vibrant crimson silk halter top with a figure-hugging cut. Bottom: Tailored white linen trousers with sharp pleats and a cropped length, revealing a glimpse of toned legs. Shoes: Sleek white leather platform sneakers with chunky soles and contrasting red laces. Accessories: A long fringed scarf made from crimson silk chiffon, cascading down the back like molten lava. Style: {'FORMAL'}. Color palette: {'yellow', 'gold', 'blue', 'red', 'white', 'black', 'silver'}. High quality fashion illustration, detailed textures and materials.","A high-quality fashion illustration of a woman wearing a vibrant crimson silk halter top and tailored white linen trousers with sharp pleats, revealing a glimpse of her toned legs. She accessorizes with a long fringed crimson silk chiffon scarf cascading down her back and sleek white leather platform sneakers with chunky soles and red laces. The background features a softly lit, elegant interior with natural light filtering through a large window, creating a formal and sophisticated atmosphere. The color palette includes yellow, gold, blue, red, white, black, and silver, with detailed textures highlighting the materials of her attire. The woman has her hair styled in loose waves and wears subtle makeup, enhancing her natural features. The overall composition focuses on her, ensuring she remains the central figure in the scene.","Pending"
"img_20250421_233859","outfit_20250421_232437","image_20250421_233859_1.jpg","2025-04-21 23:38:59","Fashion illustration of: Top: A vibrant crimson silk halter top with a figure-hugging cut. Bottom: Tailored white linen trousers with sharp pleats and a cropped length, revealing a glimpse of toned legs. Shoes: Sleek white leather platform sneakers with chunky soles and contrasting red laces. Accessories: A long fringed scarf made from crimson silk chiffon, cascading down the back like molten lava. Style: {'FORMAL'}. Color palette: {'yellow', 'gold', 'blue', 'red', 'white', 'black', 'silver'}. High quality fashion illustration, detailed textures and materials.","A high-quality fashion illustration of a woman wearing a vibrant crimson silk halter top and tailored white linen trousers with sharp pleats, revealing a glimpse of her toned legs. She accessorizes with a long fringed crimson silk chiffon scarf cascading down her back and sleek white leather platform sneakers with chunky soles and red laces. The background features a softly lit, elegant interior with natural light filtering through a large window, creating a formal and sophisticated atmosphere. The color palette includes yellow, gold, blue, red, white, black, and silver, with detailed textures highlighting the materials of her attire. The woman has her hair styled in loose waves and wears subtle makeup, enhancing her natural features. The overall composition focuses on her, ensuring she remains the central figure in the scene.","Pending"
"img_20250421_233859","outfit_20250421_232437","image_20250421_233859_2.jpg","2025-04-21 23:38:59","Fashion illustration of: Top: A vibrant crimson silk halter top with a figure-hugging cut. Bottom: Tailored white linen trousers with sharp pleats and a cropped length, revealing a glimpse of toned legs. Shoes: Sleek white leather platform sneakers with chunky soles and contrasting red laces. Accessories: A long fringed scarf made from crimson silk chiffon, cascading down the back like molten lava. Style: {'FORMAL'}. Color palette: {'yellow', 'gold', 'blue', 'red', 'white', 'black', 'silver'}. High quality fashion illustration, detailed textures and materials.","A high-quality fashion illustration of a woman wearing a vibrant crimson silk halter top and tailored white linen trousers with sharp pleats, revealing a glimpse of her toned legs. She accessorizes with a long fringed crimson silk chiffon scarf cascading down her back and sleek white leather platform sneakers with chunky soles and red laces. The background features a softly lit, elegant interior with natural light filtering through a large window, creating a formal and sophisticated atmosphere. The color palette includes yellow, gold, blue, red, white, black, and silver, with detailed textures highlighting the materials of her attire. The woman has her hair styled in loose waves and wears subtle makeup, enhancing her natural features. The overall composition focuses on her, ensuring she remains the central figure in the scene.","Pending"
"img_20250421_233917","outfit_20250421_232509","image_20250421_233917_0.jpg","2025-04-21 23:39:17","Fashion illustration of: Top: **Top:** A structured lilac top crafted from lightweight wool with a high neckline and long sleeves. Bottom: **Bottom:** Deep green denim shorts in a relaxed fit, showcasing distressed edges and subtle fading for a vintage vibe. Shoes: **Shoes:** Pointed-toe suede pumps in rich burnt orange, reaching a modest stiletto heel that elongates the leg while complementing the warm tones of the outfit. Style: {'CASUAL'}. Color palette: {'orange', 'red', 'purple', 'green', 'silver'}. High quality fashion illustration, detailed textures and materials.","A high-resolution fashion illustration of a woman wearing a structured lilac wool top with a high neckline and long sleeves, paired with deep green denim shorts featuring distressed edges and subtle fading. She is complemented by pointed-toe suede pumps in a rich burnt orange color with a modest stiletto heel. The woman has a casual yet stylish appearance, with her hair loosely styled and a neutral expression. The background is a softly blurred urban street scene during the golden hour, providing a warm and inviting atmosphere without distracting from the main subject. The illustration highlights detailed textures and materials of the clothing, focusing on the outfit's colors and style.","Pending"
"img_20250421_233917","outfit_20250421_232509","image_20250421_233917_1.jpg","2025-04-21 23:39:17","Fashion illustration of: Top: **Top:** A structured lilac top crafted from lightweight wool with a high neckline and long sleeves. Bottom: **Bottom:** Deep green denim shorts in a relaxed fit, showcasing distressed edges and subtle fading for a vintage vibe. Shoes: **Shoes:** Pointed-toe suede pumps in rich burnt orange, reaching a modest stiletto heel that elongates the leg while complementing the warm tones of the outfit. Style: {'CASUAL'}. Color palette: {'orange', 'red', 'purple', 'green', 'silver'}. High quality fashion illustration, detailed textures and materials.","A high-resolution fashion illustration of a woman wearing a structured lilac wool top with a high neckline and long sleeves, paired with deep green denim shorts featuring distressed edges and subtle fading. She is complemented by pointed-toe suede pumps in a rich burnt orange color with a modest stiletto heel. The woman has a casual yet stylish appearance, with her hair loosely styled and a neutral expression. The background is a softly blurred urban street scene during the golden hour, providing a warm and inviting atmosphere without distracting from the main subject. The illustration highlights detailed textures and materials of the clothing, focusing on the outfit's colors and style.","Pending"
"img_20250421_233917","outfit_20250421_232509","image_20250421_233917_2.jpg","2025-04-21 23:39:17","Fashion illustration of: Top: **Top:** A structured lilac top crafted from lightweight wool with a high neckline and long sleeves. Bottom: **Bottom:** Deep green denim shorts in a relaxed fit, showcasing distressed edges and subtle fading for a vintage vibe. Shoes: **Shoes:** Pointed-toe suede pumps in rich burnt orange, reaching a modest stiletto heel that elongates the leg while complementing the warm tones of the outfit. Style: {'CASUAL'}. Color palette: {'orange', 'red', 'purple', 'green', 'silver'}. High quality fashion illustration, detailed textures and materials.","A high-resolution fashion illustration of a woman wearing a structured lilac wool top with a high neckline and long sleeves, paired with deep green denim shorts featuring distressed edges and subtle fading. She is complemented by pointed-toe suede pumps in a rich burnt orange color with a modest stiletto heel. The woman has a casual yet stylish appearance, with her hair loosely styled and a neutral expression. The background is a softly blurred urban street scene during the golden hour, providing a warm and inviting atmosphere without distracting from the main subject. The illustration highlights detailed textures and materials of the clothing, focusing on the outfit's colors and style.","Pending"
"img_20250421_233934","outfit_20250421_232545","image_20250421_233934_0.jpg","2025-04-21 23:39:34","Fashion illustration of: Top: A vibrant emerald green tweed jacket with a sharp, tailored silhouette. Bottom: Luxurious purple corduroy wide-leg pants drape effortlessly from the hips, cascading into a dramatic pool of rich color. Shoes: Striking orange platform sandals with chunky heels crafted from woven leather, adding height and an unexpected pop of color to complete the daring ensemble. Accessories: A long, fringed scarf in a fiery orange hue cascades down the back, framing the shoulders with vibrant warmth. Style: {'PROFESSIONAL'}. Color palette: {'gold', 'orange', 'red', 'purple', 'black', 'green'}. High quality fashion illustration, detailed textures and materials.","A high-resolution fashion illustration of a woman wearing a vibrant emerald green tweed jacket with a sharp, tailored silhouette and luxurious purple corduroy wide-leg pants that drape elegantly. She is complemented by striking orange platform sandals with chunky woven leather heels and a long, fringed orange scarf cascading down her back. The background features a softly lit studio setting with a neutral color palette, ensuring the focus remains on the detailed textures and materials of the outfit. The lighting is soft and flattering, highlighting the gold and orange tones in the ensemble. The woman's expression is confident, and her hair is styled in a sophisticated updo. The overall composition emphasizes the professional and daring fashion elements of the outfit.","Pending"
"img_20250421_233934","outfit_20250421_232545","image_20250421_233934_1.jpg","2025-04-21 23:39:34","Fashion illustration of: Top: A vibrant emerald green tweed jacket with a sharp, tailored silhouette. Bottom: Luxurious purple corduroy wide-leg pants drape effortlessly from the hips, cascading into a dramatic pool of rich color. Shoes: Striking orange platform sandals with chunky heels crafted from woven leather, adding height and an unexpected pop of color to complete the daring ensemble. Accessories: A long, fringed scarf in a fiery orange hue cascades down the back, framing the shoulders with vibrant warmth. Style: {'PROFESSIONAL'}. Color palette: {'gold', 'orange', 'red', 'purple', 'black', 'green'}. High quality fashion illustration, detailed textures and materials.","A high-resolution fashion illustration of a woman wearing a vibrant emerald green tweed jacket with a sharp, tailored silhouette and luxurious purple corduroy wide-leg pants that drape elegantly. She is complemented by striking orange platform sandals with chunky woven leather heels and a long, fringed orange scarf cascading down her back. The background features a softly lit studio setting with a neutral color palette, ensuring the focus remains on the detailed textures and materials of the outfit. The lighting is soft and flattering, highlighting the gold and orange tones in the ensemble. The woman's expression is confident, and her hair is styled in a sophisticated updo. The overall composition emphasizes the professional and daring fashion elements of the outfit.","Pending"
"img_20250421_233934","outfit_20250421_232545","image_20250421_233934_2.jpg","2025-04-21 23:39:34","Fashion illustration of: Top: A vibrant emerald green tweed jacket with a sharp, tailored silhouette. Bottom: Luxurious purple corduroy wide-leg pants drape effortlessly from the hips, cascading into a dramatic pool of rich color. Shoes: Striking orange platform sandals with chunky heels crafted from woven leather, adding height and an unexpected pop of color to complete the daring ensemble. Accessories: A long, fringed scarf in a fiery orange hue cascades down the back, framing the shoulders with vibrant warmth. Style: {'PROFESSIONAL'}. Color palette: {'gold', 'orange', 'red', 'purple', 'black', 'green'}. High quality fashion illustration, detailed textures and materials.","A high-resolution fashion illustration of a woman wearing a vibrant emerald green tweed jacket with a sharp, tailored silhouette and luxurious purple corduroy wide-leg pants that drape elegantly. She is complemented by striking orange platform sandals with chunky woven leather heels and a long, fringed orange scarf cascading down her back. The background features a softly lit studio setting with a neutral color palette, ensuring the focus remains on the detailed textures and materials of the outfit. The lighting is soft and flattering, highlighting the gold and orange tones in the ensemble. The woman's expression is confident, and her hair is styled in a sophisticated updo. The overall composition emphasizes the professional and daring fashion elements of the outfit.","Pending"
"img_20250421_234021","outfit_20250421_232620","image_20250421_234021_0.jpg","2025-04-21 23:40:21","Fashion illustration of: Top: A scarlet silk chiffon blouse with a structured peplum that flares out gracefully, capturing the essence of strength and femininity. Bottom: Tailored trousers in a rich forest green organza, impeccably fitted yet flowing with an athletic ease. Shoes: Sleek black leather platforms, elevating your presence with a subtle height boost. Accessories: A bold geometric clutch bag in a vibrant red satin, echoing the top's scarlet hue. Style: {'FORMAL'}. Color palette: {'red', 'black', 'gold', 'green'}. High quality fashion illustration, detailed textures and materials.","A high-resolution fashion illustration of a woman wearing a scarlet silk chiffon blouse with a structured peplum and tailored forest green organza trousers, complemented by sleek black leather platform shoes. She holds a vibrant red satin geometric clutch bag. The woman has an elegant updo hairstyle and subtle makeup, enhancing her confident expression. The background features a softly lit, elegant ballroom setting with ambient lighting, ensuring focus remains on the model. The scene is devoid of distracting elements, maintaining a formal and sophisticated atmosphere. The color palette consists of red, black, gold, and green, with detailed textures and materials highlighted to emphasize the high-quality fashion illustration.","Pending"
"img_20250421_234021","outfit_20250421_232620","image_20250421_234021_1.jpg","2025-04-21 23:40:21","Fashion illustration of: Top: A scarlet silk chiffon blouse with a structured peplum that flares out gracefully, capturing the essence of strength and femininity. Bottom: Tailored trousers in a rich forest green organza, impeccably fitted yet flowing with an athletic ease. Shoes: Sleek black leather platforms, elevating your presence with a subtle height boost. Accessories: A bold geometric clutch bag in a vibrant red satin, echoing the top's scarlet hue. Style: {'FORMAL'}. Color palette: {'red', 'black', 'gold', 'green'}. High quality fashion illustration, detailed textures and materials.","A high-resolution fashion illustration of a woman wearing a scarlet silk chiffon blouse with a structured peplum and tailored forest green organza trousers, complemented by sleek black leather platform shoes. She holds a vibrant red satin geometric clutch bag. The woman has an elegant updo hairstyle and subtle makeup, enhancing her confident expression. The background features a softly lit, elegant ballroom setting with ambient lighting, ensuring focus remains on the model. The scene is devoid of distracting elements, maintaining a formal and sophisticated atmosphere. The color palette consists of red, black, gold, and green, with detailed textures and materials highlighted to emphasize the high-quality fashion illustration.","Pending"
"img_20250421_234021","outfit_20250421_232620","image_20250421_234021_2.jpg","2025-04-21 23:40:21","Fashion illustration of: Top: A scarlet silk chiffon blouse with a structured peplum that flares out gracefully, capturing the essence of strength and femininity. Bottom: Tailored trousers in a rich forest green organza, impeccably fitted yet flowing with an athletic ease. Shoes: Sleek black leather platforms, elevating your presence with a subtle height boost. Accessories: A bold geometric clutch bag in a vibrant red satin, echoing the top's scarlet hue. Style: {'FORMAL'}. Color palette: {'red', 'black', 'gold', 'green'}. High quality fashion illustration, detailed textures and materials.","A high-resolution fashion illustration of a woman wearing a scarlet silk chiffon blouse with a structured peplum and tailored forest green organza trousers, complemented by sleek black leather platform shoes. She holds a vibrant red satin geometric clutch bag. The woman has an elegant updo hairstyle and subtle makeup, enhancing her confident expression. The background features a softly lit, elegant ballroom setting with ambient lighting, ensuring focus remains on the model. The scene is devoid of distracting elements, maintaining a formal and sophisticated atmosphere. The color palette consists of red, black, gold, and green, with detailed textures and materials highlighted to emphasize the high-quality fashion illustration.","Pending"
"img_20250421_234038","outfit_20250421_232702","image_20250421_234038_0.jpg","2025-04-21 23:40:38","Fashion illustration of: Top: **Top:** A daring magenta velvet top with a playful, asymmetrical hem. Bottom: **Bottom:** Flowing mint green satin trousers with wide legs that pool playfully around the ankles. Shoes: **Shoes:** Sleek black velvet mules with a chunky platform sole, adding height and boldness to the ensemble. Style: {'PROFESSIONAL'}. Color palette: {'pink', 'red', 'black', 'green', 'silver'}. High quality fashion illustration, detailed textures and materials.","A high-quality fashion illustration of a female model wearing a daring magenta velvet top with an asymmetrical hem and flowing mint green satin trousers with wide legs that pool around the ankles. She is accessorized with sleek black velvet mules with a chunky platform sole. The background is a soft, neutral color to focus on the outfit, set in a professional studio environment with subtle lighting that highlights the textures and materials of the clothing. The model has her hair styled in a sleek bun and wears minimal jewelry, maintaining a focused and elegant appearance. The overall composition emphasizes the detailed textures and the professional style of the ensemble.","Pending"
"img_20250421_234038","outfit_20250421_232702","image_20250421_234038_1.jpg","2025-04-21 23:40:38","Fashion illustration of: Top: **Top:** A daring magenta velvet top with a playful, asymmetrical hem. Bottom: **Bottom:** Flowing mint green satin trousers with wide legs that pool playfully around the ankles. Shoes: **Shoes:** Sleek black velvet mules with a chunky platform sole, adding height and boldness to the ensemble. Style: {'PROFESSIONAL'}. Color palette: {'pink', 'red', 'black', 'green', 'silver'}. High quality fashion illustration, detailed textures and materials.","A high-quality fashion illustration of a female model wearing a daring magenta velvet top with an asymmetrical hem and flowing mint green satin trousers with wide legs that pool around the ankles. She is accessorized with sleek black velvet mules with a chunky platform sole. The background is a soft, neutral color to focus on the outfit, set in a professional studio environment with subtle lighting that highlights the textures and materials of the clothing. The model has her hair styled in a sleek bun and wears minimal jewelry, maintaining a focused and elegant appearance. The overall composition emphasizes the detailed textures and the professional style of the ensemble.","Pending"
"img_20250421_234038","outfit_20250421_232702","image_20250421_234038_2.jpg","2025-04-21 23:40:38","Fashion illustration of: Top: **Top:** A daring magenta velvet top with a playful, asymmetrical hem. Bottom: **Bottom:** Flowing mint green satin trousers with wide legs that pool playfully around the ankles. Shoes: **Shoes:** Sleek black velvet mules with a chunky platform sole, adding height and boldness to the ensemble. Style: {'PROFESSIONAL'}. Color palette: {'pink', 'red', 'black', 'green', 'silver'}. High quality fashion illustration, detailed textures and materials.","A high-quality fashion illustration of a female model wearing a daring magenta velvet top with an asymmetrical hem and flowing mint green satin trousers with wide legs that pool around the ankles. She is accessorized with sleek black velvet mules with a chunky platform sole. The background is a soft, neutral color to focus on the outfit, set in a professional studio environment with subtle lighting that highlights the textures and materials of the clothing. The model has her hair styled in a sleek bun and wears minimal jewelry, maintaining a focused and elegant appearance. The overall composition emphasizes the detailed textures and the professional style of the ensemble.","Pending"
"img_20250421_234104","outfit_20250421_232737","image_20250421_234104_0.jpg","2025-04-21 23:41:04","Fashion illustration of: Top: **Top:** A luxuriously soft beige velvet top with a daringly low draped neckline that plunges just enough to hint at mystery. Bottom: **Bottom:**  Cream satin palazzo pants with a high waist, flowing gracefully down to puddle around the ankles. Shoes: **Shoes:**  Taupe suede slingback heels with a moderate heel height. Style: {'FORMAL'}. Color palette: {'red', 'beige'}. High quality fashion illustration, detailed textures and materials.","A high-resolution fashion illustration of a woman wearing a luxurious beige velvet top with a daringly low draped neckline and cream satin palazzo pants with a high waist, flowing gracefully to puddle around her ankles. She is wearing taupe suede slingback heels with a moderate heel height. The woman has soft, wavy hair and a serene expression. The background is a softly lit, elegant room with warm ambient lighting, focusing on the textures and details of the outfit. The color palette consists of red, beige, and taupe, creating a sophisticated and formal atmosphere. The illustration emphasizes detailed textures and materials of the clothing.","Pending"
"img_20250421_234104","outfit_20250421_232737","image_20250421_234104_1.jpg","2025-04-21 23:41:04","Fashion illustration of: Top: **Top:** A luxuriously soft beige velvet top with a daringly low draped neckline that plunges just enough to hint at mystery. Bottom: **Bottom:**  Cream satin palazzo pants with a high waist, flowing gracefully down to puddle around the ankles. Shoes: **Shoes:**  Taupe suede slingback heels with a moderate heel height. Style: {'FORMAL'}. Color palette: {'red', 'beige'}. High quality fashion illustration, detailed textures and materials.","A high-resolution fashion illustration of a woman wearing a luxurious beige velvet top with a daringly low draped neckline and cream satin palazzo pants with a high waist, flowing gracefully to puddle around her ankles. She is wearing taupe suede slingback heels with a moderate heel height. The woman has soft, wavy hair and a serene expression. The background is a softly lit, elegant room with warm ambient lighting, focusing on the textures and details of the outfit. The color palette consists of red, beige, and taupe, creating a sophisticated and formal atmosphere. The illustration emphasizes detailed textures and materials of the clothing.","Pending"
"img_20250421_234104","outfit_20250421_232737","image_20250421_234104_2.jpg","2025-04-21 23:41:04","Fashion illustration of: Top: **Top:** A luxuriously soft beige velvet top with a daringly low draped neckline that plunges just enough to hint at mystery. Bottom: **Bottom:**  Cream satin palazzo pants with a high waist, flowing gracefully down to puddle around the ankles. Shoes: **Shoes:**  Taupe suede slingback heels with a moderate heel height. Style: {'FORMAL'}. Color palette: {'red', 'beige'}. High quality fashion illustration, detailed textures and materials.","A high-resolution fashion illustration of a woman wearing a luxurious beige velvet top with a daringly low draped neckline and cream satin palazzo pants with a high waist, flowing gracefully to puddle around her ankles. She is wearing taupe suede slingback heels with a moderate heel height. The woman has soft, wavy hair and a serene expression. The background is a softly lit, elegant room with warm ambient lighting, focusing on the textures and details of the outfit. The color palette consists of red, beige, and taupe, creating a sophisticated and formal atmosphere. The illustration emphasizes detailed textures and materials of the clothing.","Pending"
"img_20250421_234254","outfit_20250421_232805","image_20250421_234254_0.jpg","2025-04-21 23:42:54","Fashion illustration of: Top: A daring  deep plum velvet top with a dramatic draped neckline that cascades artfully over one shoulder. Bottom: High-waisted orange satin trousers with a wide leg silhouette, cut with clean lines and a hint of architectural flair. Shoes: Sculptural gold metallic platform heels, reaching a height that commands attention while remaining grounded in comfort. Accessories: A fringed silk scarf in shades of purple and orange hangs loosely around the neck, adding a playful yet sophisticated touch. Style: {'PROFESSIONAL'}. Color palette: {'gold', 'orange', 'purple', 'black', 'green', 'silver'}. High quality fashion illustration, detailed textures and materials.","A high-quality fashion illustration of a woman wearing a deep plum velvet top with a dramatic draped neckline over one shoulder, paired with high-waisted orange satin trousers with a wide leg silhouette. She accessorizes with a fringed silk scarf in shades of purple and orange around her neck and sculptural gold metallic platform heels. The setting is a softly lit, elegant room with neutral tones, focusing primarily on the model's face and attire. The background is subtly blurred to maintain focus on the main subject, with no distracting elements. The illustration captures detailed textures and materials of the clothing, reflecting a professional and sophisticated style.","Pending"
"img_20250423_231750","outfit_20250423_230235","image_20250423_231750_0.jpg","2025-04-23 23:17:50","Fashion illustration of: Top: A fitted sleeveless top crafted from midnight blue denim, its surface adorned with a delicate silver chain quilting that catches the light like moonlight on water. Bottom: High-waisted trousers sculpted from charcoal gray suede, their wide leg silhouette flowing effortlessly to the floor. Shoes: Black ankle boots crafted from soft light wool, their slender heels tapering to a sharp point. Accessories: A dramatic wide-brimmed hat in white felt, its brim sweeping down to frame the face and cast shadows that heighten the mystery. Style: {'CASUAL'}. Color palette: {'blue', 'red', 'black', 'white', 'gray', 'silver'}. High quality fashion illustration, detailed textures and materials.","A high-resolution fashion illustration of a woman wearing a midnight blue denim sleeveless top with silver chain quilting, paired with charcoal gray suede high-waisted trousers and black wool ankle boots with sharp heels. She wears a wide-brimmed white felt hat that frames her face, enhancing a mysterious expression. The background is a softly lit indoor setting with a neutral backdrop, ensuring focus on the detailed textures and materials of the outfit. The lighting subtly highlights the silver quilting on the top and the texture of the suede trousers, creating a sophisticated and elegant atmosphere. The color palette includes blue, red, black, white, gray, and silver, maintaining a cohesive and visually appealing look.","Pending"
"img_20250423_231750","outfit_20250423_230235","image_20250423_231750_1.jpg","2025-04-23 23:17:50","Fashion illustration of: Top: A fitted sleeveless top crafted from midnight blue denim, its surface adorned with a delicate silver chain quilting that catches the light like moonlight on water. Bottom: High-waisted trousers sculpted from charcoal gray suede, their wide leg silhouette flowing effortlessly to the floor. Shoes: Black ankle boots crafted from soft light wool, their slender heels tapering to a sharp point. Accessories: A dramatic wide-brimmed hat in white felt, its brim sweeping down to frame the face and cast shadows that heighten the mystery. Style: {'CASUAL'}. Color palette: {'blue', 'red', 'black', 'white', 'gray', 'silver'}. High quality fashion illustration, detailed textures and materials.","A high-resolution fashion illustration of a woman wearing a midnight blue denim sleeveless top with silver chain quilting, paired with charcoal gray suede high-waisted trousers and black wool ankle boots with sharp heels. She wears a wide-brimmed white felt hat that frames her face, enhancing a mysterious expression. The background is a softly lit indoor setting with a neutral backdrop, ensuring focus on the detailed textures and materials of the outfit. The lighting subtly highlights the silver quilting on the top and the texture of the suede trousers, creating a sophisticated and elegant atmosphere. The color palette includes blue, red, black, white, gray, and silver, maintaining a cohesive and visually appealing look.","Pending"
"img_20250423_232009","outfit_20250423_230306","image_20250423_232009_0.jpg","2025-04-23 23:20:09","Fashion illustration of: Top: A fuchsia silk blouse with voluminous, architectural shoulders that command attention. Bottom: Flowing lavender neoprene pants with a paperbag waist cinched by a thick, woven belt in contrasting pink. Shoes: Sleek platform sandals with chunky neon pink heels. Accessories: A statement necklace in thick silver chains intertwined with colorful glass beads that catch the light with every movement. Style: {'CASUAL'}. Color palette: {'red', 'black', 'green', 'silver', 'pink'}. High quality fashion illustration, detailed textures and materials.","A high-resolution fashion illustration of a woman wearing a fuchsia silk blouse with voluminous, architectural shoulders and flowing lavender neoprene pants with a paperbag waist, cinched by a thick pink woven belt. She accessorizes with a statement necklace of thick silver chains intertwined with colorful glass beads and sleek platform sandals with chunky neon pink heels. The background is a softly blurred cityscape at dusk, providing a subtle contrast to the vibrant outfit without distraction. The lighting is warm and soft, highlighting the textures and materials of the clothing. The woman's hair is styled in loose waves, and her expression is confident and poised, focusing on her attire. The overall composition emphasizes the detailed textures and materials of the high-quality fashion illustration, adhering to a casual yet stylish aesthetic.","Pending"
"img_20250423_232009","outfit_20250423_230306","image_20250423_232009_1.jpg","2025-04-23 23:20:09","Fashion illustration of: Top: A fuchsia silk blouse with voluminous, architectural shoulders that command attention. Bottom: Flowing lavender neoprene pants with a paperbag waist cinched by a thick, woven belt in contrasting pink. Shoes: Sleek platform sandals with chunky neon pink heels. Accessories: A statement necklace in thick silver chains intertwined with colorful glass beads that catch the light with every movement. Style: {'CASUAL'}. Color palette: {'red', 'black', 'green', 'silver', 'pink'}. High quality fashion illustration, detailed textures and materials.","A high-resolution fashion illustration of a woman wearing a fuchsia silk blouse with voluminous, architectural shoulders and flowing lavender neoprene pants with a paperbag waist, cinched by a thick pink woven belt. She accessorizes with a statement necklace of thick silver chains intertwined with colorful glass beads and sleek platform sandals with chunky neon pink heels. The background is a softly blurred cityscape at dusk, providing a subtle contrast to the vibrant outfit without distraction. The lighting is warm and soft, highlighting the textures and materials of the clothing. The woman's hair is styled in loose waves, and her expression is confident and poised, focusing on her attire. The overall composition emphasizes the detailed textures and materials of the high-quality fashion illustration, adhering to a casual yet stylish aesthetic.","Pending"
"img_20250423_232043","outfit_20250423_230336","image_20250423_232043_0.jpg","2025-04-23 23:20:43","Fashion illustration of: Top: A fiery crimson fleece cropped top, its oversized silhouette falling just above the navel. Bottom: Emerald green knit pants with a high-waisted, wide-leg cut that flows dramatically. Shoes: Sleek, pointed-toe platform boots in faux leather, reaching just above the knee. Accessories: A dramatic wide-brimmed hat crafted from plush emerald green faux fur, its brim adorned with cascading crimson feathers. Style: {'CASUAL'}. Color palette: {'black', 'red', 'green', 'silver'}. High quality fashion illustration, detailed textures and materials.","A high-quality fashion illustration of a woman wearing a fiery crimson fleece cropped top and emerald green knit pants with a high-waisted, wide-leg cut. She is accessorized with a dramatic wide-brimmed hat made from plush emerald green faux fur, adorned with cascading crimson feathers, and sleek, pointed-toe platform boots in faux leather. The background features a softly lit urban setting at dusk, providing a subtle backdrop that highlights the outfit without distraction. The color palette is limited to black, red, green, and silver, emphasizing the detailed textures and materials of the clothing. The woman's expression is confident and relaxed, complementing the casual yet stylish attire. The illustration focuses primarily on the model from the waist up, ensuring the outfit's details are clearly visible.","Pending"
"img_20250423_232043","outfit_20250423_230336","image_20250423_232043_1.jpg","2025-04-23 23:20:43","Fashion illustration of: Top: A fiery crimson fleece cropped top, its oversized silhouette falling just above the navel. Bottom: Emerald green knit pants with a high-waisted, wide-leg cut that flows dramatically. Shoes: Sleek, pointed-toe platform boots in faux leather, reaching just above the knee. Accessories: A dramatic wide-brimmed hat crafted from plush emerald green faux fur, its brim adorned with cascading crimson feathers. Style: {'CASUAL'}. Color palette: {'black', 'red', 'green', 'silver'}. High quality fashion illustration, detailed textures and materials.","A high-quality fashion illustration of a woman wearing a fiery crimson fleece cropped top and emerald green knit pants with a high-waisted, wide-leg cut. She is accessorized with a dramatic wide-brimmed hat made from plush emerald green faux fur, adorned with cascading crimson feathers, and sleek, pointed-toe platform boots in faux leather. The background features a softly lit urban setting at dusk, providing a subtle backdrop that highlights the outfit without distraction. The color palette is limited to black, red, green, and silver, emphasizing the detailed textures and materials of the clothing. The woman's expression is confident and relaxed, complementing the casual yet stylish attire. The illustration focuses primarily on the model from the waist up, ensuring the outfit's details are clearly visible.","Pending"
"img_20250423_232526","outfit_20250423_230418","image_20250423_232526_0.jpg","2025-04-23 23:25:26","Fashion illustration of: Top: **Top:** A daringly draped silk top in dusky beige. Bottom: **Bottom:**  High-waisted, wide-leg trousers crafted from midnight-hued velvet. Shoes: **Shoes:** Strappy metallic silver sandals with a daringly high stiletto heel. Style: {'PROFESSIONAL'}. Color palette: {'black', 'silver', 'beige'}. High quality fashion illustration, detailed textures and materials.","A high-quality fashion illustration of a woman wearing a daringly draped silk top in dusky beige and high-waisted, wide-leg trousers made from midnight-hued velvet. She is accessorized with strappy metallic silver sandals featuring a high stiletto heel. The woman has long, dark hair and a confident expression, set against a softly lit, elegant room background. The illustration highlights detailed textures of the silk and velvet, with subtle shadows enhancing the depth and realism. The scene avoids any distracting elements, focusing solely on the outfit and the model's poised stance. The color palette is limited to black, silver, and beige, maintaining a professional and sophisticated look.","Pending"
"img_20250423_232526","outfit_20250423_230418","image_20250423_232526_1.jpg","2025-04-23 23:25:26","Fashion illustration of: Top: **Top:** A daringly draped silk top in dusky beige. Bottom: **Bottom:**  High-waisted, wide-leg trousers crafted from midnight-hued velvet. Shoes: **Shoes:** Strappy metallic silver sandals with a daringly high stiletto heel. Style: {'PROFESSIONAL'}. Color palette: {'black', 'silver', 'beige'}. High quality fashion illustration, detailed textures and materials.","A high-quality fashion illustration of a woman wearing a daringly draped silk top in dusky beige and high-waisted, wide-leg trousers made from midnight-hued velvet. She is accessorized with strappy metallic silver sandals featuring a high stiletto heel. The woman has long, dark hair and a confident expression, set against a softly lit, elegant room background. The illustration highlights detailed textures of the silk and velvet, with subtle shadows enhancing the depth and realism. The scene avoids any distracting elements, focusing solely on the outfit and the model's poised stance. The color palette is limited to black, silver, and beige, maintaining a professional and sophisticated look.","Pending"
"img_20250423_235450","outfit_20250423_235435","openai_image_20250423_235450_0.png","2025-04-23 23:54:50","Professional fashion photography of: Top: A shocking pink, oversized fleece bomber jacket with a cropped cut, its plush texture juxtaposed against sharply defined pleats at the bodice. The sleeves are slightly puffed for added drama, finished with ribbed mint green cuffs.. Bottom: Tailored lavender knit trousers with high-waisted seams and subtly flared legs. They offer a sleek silhouette that moves gracefully with each step, crafted from a luxuriously soft fabric that feels like a second skin.. Shoes: Sleek white faux-fur mules with a moderate heel height. The fluffy texture adds a touch of whimsy and warmth to the otherwise structured look, creating a playful contrast.. Accessories: A small black quilted panel bag with intricate silver beading that catches the light with every movement. Minimalist silver hoop earrings complete the ensemble, reflecting the cool sophistication of the outfit.. Style: MINIMALIST,ROMANTIC,PROFESSIONAL,MODERATE. Color palette: white,black,lavender,silver,g. High quality fashion photography.","","Pending"
"img_20250423_235450","outfit_20250423_235435","openai_image_20250423_235450_1.png","2025-04-23 23:54:50","Professional fashion photography of: Top: A shocking pink, oversized fleece bomber jacket with a cropped cut, its plush texture juxtaposed against sharply defined pleats at the bodice. The sleeves are slightly puffed for added drama, finished with ribbed mint green cuffs.. Bottom: Tailored lavender knit trousers with high-waisted seams and subtly flared legs. They offer a sleek silhouette that moves gracefully with each step, crafted from a luxuriously soft fabric that feels like a second skin.. Shoes: Sleek white faux-fur mules with a moderate heel height. The fluffy texture adds a touch of whimsy and warmth to the otherwise structured look, creating a playful contrast.. Accessories: A small black quilted panel bag with intricate silver beading that catches the light with every movement. Minimalist silver hoop earrings complete the ensemble, reflecting the cool sophistication of the outfit.. Style: MINIMALIST,ROMANTIC,PROFESSIONAL,MODERATE. Color palette: white,black,lavender,silver,g. High quality fashion photography.","","Pending"
"img_20250423_235450","outfit_20250423_235435","openai_image_20250423_235450_2.png","2025-04-23 23:54:50","Professional fashion photography of: Top: A shocking pink, oversized fleece bomber jacket with a cropped cut, its plush texture juxtaposed against sharply defined pleats at the bodice. The sleeves are slightly puffed for added drama, finished with ribbed mint green cuffs.. Bottom: Tailored lavender knit trousers with high-waisted seams and subtly flared legs. They offer a sleek silhouette that moves gracefully with each step, crafted from a luxuriously soft fabric that feels like a second skin.. Shoes: Sleek white faux-fur mules with a moderate heel height. The fluffy texture adds a touch of whimsy and warmth to the otherwise structured look, creating a playful contrast.. Accessories: A small black quilted panel bag with intricate silver beading that catches the light with every movement. Minimalist silver hoop earrings complete the ensemble, reflecting the cool sophistication of the outfit.. Style: MINIMALIST,ROMANTIC,PROFESSIONAL,MODERATE. Color palette: white,black,lavender,silver,g. High quality fashion photography.","","Pending"
"img_20250423_235450","outfit_20250423_235435","openai_image_20250423_235450_3.png","2025-04-23 23:54:50","Professional fashion photography of: Top: A shocking pink, oversized fleece bomber jacket with a cropped cut, its plush texture juxtaposed against sharply defined pleats at the bodice. The sleeves are slightly puffed for added drama, finished with ribbed mint green cuffs.. Bottom: Tailored lavender knit trousers with high-waisted seams and subtly flared legs. They offer a sleek silhouette that moves gracefully with each step, crafted from a luxuriously soft fabric that feels like a second skin.. Shoes: Sleek white faux-fur mules with a moderate heel height. The fluffy texture adds a touch of whimsy and warmth to the otherwise structured look, creating a playful contrast.. Accessories: A small black quilted panel bag with intricate silver beading that catches the light with every movement. Minimalist silver hoop earrings complete the ensemble, reflecting the cool sophistication of the outfit.. Style: MINIMALIST,ROMANTIC,PROFESSIONAL,MODERATE. Color palette: white,black,lavender,silver,g. High quality fashion photography.","","Pending"
"img_20250423_235450","outfit_20250423_235435","openai_image_20250423_235450_4.png","2025-04-23 23:54:50","Professional fashion photography of: Top: A shocking pink, oversized fleece bomber jacket with a cropped cut, its plush texture juxtaposed against sharply defined pleats at the bodice. The sleeves are slightly puffed for added drama, finished with ribbed mint green cuffs.. Bottom: Tailored lavender knit trousers with high-waisted seams and subtly flared legs. They offer a sleek silhouette that moves gracefully with each step, crafted from a luxuriously soft fabric that feels like a second skin.. Shoes: Sleek white faux-fur mules with a moderate heel height. The fluffy texture adds a touch of whimsy and warmth to the otherwise structured look, creating a playful contrast.. Accessories: A small black quilted panel bag with intricate silver beading that catches the light with every movement. Minimalist silver hoop earrings complete the ensemble, reflecting the cool sophistication of the outfit.. Style: MINIMALIST,ROMANTIC,PROFESSIONAL,MODERATE. Color palette: white,black,lavender,silver,g. High quality fashion photography.","","Pending"
"img_20250423_235450","outfit_20250423_235435","openai_image_20250423_235450_5.png","2025-04-23 23:54:50","Professional fashion photography of: Top: A shocking pink, oversized fleece bomber jacket with a cropped cut, its plush texture juxtaposed against sharply defined pleats at the bodice. The sleeves are slightly puffed for added drama, finished with ribbed mint green cuffs.. Bottom: Tailored lavender knit trousers with high-waisted seams and subtly flared legs. They offer a sleek silhouette that moves gracefully with each step, crafted from a luxuriously soft fabric that feels like a second skin.. Shoes: Sleek white faux-fur mules with a moderate heel height. The fluffy texture adds a touch of whimsy and warmth to the otherwise structured look, creating a playful contrast.. Accessories: A small black quilted panel bag with intricate silver beading that catches the light with every movement. Minimalist silver hoop earrings complete the ensemble, reflecting the cool sophistication of the outfit.. Style: MINIMALIST,ROMANTIC,PROFESSIONAL,MODERATE. Color palette: white,black,lavender,silver,g. High quality fashion photography.","","Pending"
"img_20250423_235450","outfit_20250423_235435","openai_image_20250423_235450_6.png","2025-04-23 23:54:50","Professional fashion photography of: Top: A shocking pink, oversized fleece bomber jacket with a cropped cut, its plush texture juxtaposed against sharply defined pleats at the bodice. The sleeves are slightly puffed for added drama, finished with ribbed mint green cuffs.. Bottom: Tailored lavender knit trousers with high-waisted seams and subtly flared legs. They offer a sleek silhouette that moves gracefully with each step, crafted from a luxuriously soft fabric that feels like a second skin.. Shoes: Sleek white faux-fur mules with a moderate heel height. The fluffy texture adds a touch of whimsy and warmth to the otherwise structured look, creating a playful contrast.. Accessories: A small black quilted panel bag with intricate silver beading that catches the light with every movement. Minimalist silver hoop earrings complete the ensemble, reflecting the cool sophistication of the outfit.. Style: MINIMALIST,ROMANTIC,PROFESSIONAL,MODERATE. Color palette: white,black,lavender,silver,g. High quality fashion photography.","","Pending"
"img_20250423_235450","outfit_20250423_235435","openai_image_20250423_235450_7.png","2025-04-23 23:54:50","Professional fashion photography of: Top: A shocking pink, oversized fleece bomber jacket with a cropped cut, its plush texture juxtaposed against sharply defined pleats at the bodice. The sleeves are slightly puffed for added drama, finished with ribbed mint green cuffs.. Bottom: Tailored lavender knit trousers with high-waisted seams and subtly flared legs. They offer a sleek silhouette that moves gracefully with each step, crafted from a luxuriously soft fabric that feels like a second skin.. Shoes: Sleek white faux-fur mules with a moderate heel height. The fluffy texture adds a touch of whimsy and warmth to the otherwise structured look, creating a playful contrast.. Accessories: A small black quilted panel bag with intricate silver beading that catches the light with every movement. Minimalist silver hoop earrings complete the ensemble, reflecting the cool sophistication of the outfit.. Style: MINIMALIST,ROMANTIC,PROFESSIONAL,MODERATE. Color palette: white,black,lavender,silver,g. High quality fashion photography.","","Pending"
"img_20250423_235450","outfit_20250423_235435","openai_image_20250423_235450_8.png","2025-04-23 23:54:50","Professional fashion photography of: Top: A shocking pink, oversized fleece bomber jacket with a cropped cut, its plush texture juxtaposed against sharply defined pleats at the bodice. The sleeves are slightly puffed for added drama, finished with ribbed mint green cuffs.. Bottom: Tailored lavender knit trousers with high-waisted seams and subtly flared legs. They offer a sleek silhouette that moves gracefully with each step, crafted from a luxuriously soft fabric that feels like a second skin.. Shoes: Sleek white faux-fur mules with a moderate heel height. The fluffy texture adds a touch of whimsy and warmth to the otherwise structured look, creating a playful contrast.. Accessories: A small black quilted panel bag with intricate silver beading that catches the light with every movement. Minimalist silver hoop earrings complete the ensemble, reflecting the cool sophistication of the outfit.. Style: MINIMALIST,ROMANTIC,PROFESSIONAL,MODERATE. Color palette: white,black,lavender,silver,g. High quality fashion photography.","","Pending"
"img_20250423_235450","outfit_20250423_235435","openai_image_20250423_235450_9.png","2025-04-23 23:54:50","Professional fashion photography of: Top: A shocking pink, oversized fleece bomber jacket with a cropped cut, its plush texture juxtaposed against sharply defined pleats at the bodice. The sleeves are slightly puffed for added drama, finished with ribbed mint green cuffs.. Bottom: Tailored lavender knit trousers with high-waisted seams and subtly flared legs. They offer a sleek silhouette that moves gracefully with each step, crafted from a luxuriously soft fabric that feels like a second skin.. Shoes: Sleek white faux-fur mules with a moderate heel height. The fluffy texture adds a touch of whimsy and warmth to the otherwise structured look, creating a playful contrast.. Accessories: A small black quilted panel bag with intricate silver beading that catches the light with every movement. Minimalist silver hoop earrings complete the ensemble, reflecting the cool sophistication of the outfit.. Style: MINIMALIST,ROMANTIC,PROFESSIONAL,MODERATE. Color palette: white,black,lavender,silver,g. High quality fashion photography.","","Pending"
"img_20250423_235601","outfit_20250423_235546","openai_image_20250423_235601_0.png","2025-04-23 23:56:01","Professional fashion photography of: Top: A blush pink silk top with architectural shoulders crafted from a luxurious blend of wild silk and cashmere. The fabric drapes beautifully, creating soft, undulating lines that flatter the figure. Delicate mint embroidery adorns the neckline in an intricate floral pattern, echoing the essence of springtime blossoms.. Bottom: A high-waisted midi skirt in deep lavender corduroy with a playful A-line silhouette. Layers of cascading, hand-stitched brocade panels in shades of lavender and pink cascade down the skirt, creating a mesmerizing tapestry of textures and hues. The wrap detail at the waist adds a touch of romanticism and accentuates the feminine form.. Shoes: Sculptural platform heels in a rich, velvety pink hue. The intricate design features interwoven straps and geometric cutouts, reminiscent of ancient Roman architecture. A subtle platform elevates the wearer while providing balance and stability.. Accessories: A pair of hand-knitted glo. High quality fashion photography.","","Pending"
"img_20250423_235601","outfit_20250423_235546","openai_image_20250423_235601_1.png","2025-04-23 23:56:01","Professional fashion photography of: Top: A blush pink silk top with architectural shoulders crafted from a luxurious blend of wild silk and cashmere. The fabric drapes beautifully, creating soft, undulating lines that flatter the figure. Delicate mint embroidery adorns the neckline in an intricate floral pattern, echoing the essence of springtime blossoms.. Bottom: A high-waisted midi skirt in deep lavender corduroy with a playful A-line silhouette. Layers of cascading, hand-stitched brocade panels in shades of lavender and pink cascade down the skirt, creating a mesmerizing tapestry of textures and hues. The wrap detail at the waist adds a touch of romanticism and accentuates the feminine form.. Shoes: Sculptural platform heels in a rich, velvety pink hue. The intricate design features interwoven straps and geometric cutouts, reminiscent of ancient Roman architecture. A subtle platform elevates the wearer while providing balance and stability.. Accessories: A pair of hand-knitted glo. High quality fashion photography.","","Pending"
"img_20250423_235802","outfit_20250423_235727","openai_image_20250423_235802_0.png","2025-04-23 23:58:02","Professional fashion photography of: Top: A vibrant blush pink, lightweight wool top with a cinched waist and a playful peplum detail that flows gracefully outward. The sculpted silhouette is accented by subtle architectural pleats that add depth and dimension, giving the piece a structured yet fluid movement.. Bottom: Tailored mint green suede pants, wide-legged for a dramatic flair.  The high-waisted cut flatters the figure while the lightweight suede drapes beautifully, creating an air of luxurious confidence. The hem falls just above the ankle, showcasing sleek, pointy pink suede heels peeking through.. Shoes: Sculptural pink suede heels with a sharp pointed toe and a block heel for stability and height.  The shoe features intricate hand-stitched detailing that adds an exotic touch, echoing Ana's love for bold artistry.. Accessories: A statement beaded bag in a mix of lavender, mint, and blush hues  each bead carefully chosen to reflect the vibrant energy of the outfit. Delicate s. High quality fashion photography.","","Pending"
"img_20250423_235802","outfit_20250423_235727","openai_image_20250423_235802_1.png","2025-04-23 23:58:02","Professional fashion photography of: Top: A vibrant blush pink, lightweight wool top with a cinched waist and a playful peplum detail that flows gracefully outward. The sculpted silhouette is accented by subtle architectural pleats that add depth and dimension, giving the piece a structured yet fluid movement.. Bottom: Tailored mint green suede pants, wide-legged for a dramatic flair.  The high-waisted cut flatters the figure while the lightweight suede drapes beautifully, creating an air of luxurious confidence. The hem falls just above the ankle, showcasing sleek, pointy pink suede heels peeking through.. Shoes: Sculptural pink suede heels with a sharp pointed toe and a block heel for stability and height.  The shoe features intricate hand-stitched detailing that adds an exotic touch, echoing Ana's love for bold artistry.. Accessories: A statement beaded bag in a mix of lavender, mint, and blush hues  each bead carefully chosen to reflect the vibrant energy of the outfit. Delicate s. High quality fashion photography.","","Pending"
"img_20250424_232318","outfit_20250424_231946_0_0","image_20250424_232318_0.jpg","2025-04-24 23:23:18","Fashion illustration of: Top: A crisp white cotton voile blouse with a relaxed, empire waist silhouette and three-quarter length sleeves. Bottom: Charcoal gray linen wide-leg trousers with a high waist and pleats at the front for added movement. Shoes: Simple black leather ballet flats with a pointed toe. Accessories: A delicate silver chain necklace and small ivory clutch bag. Color palette: ['white', 'gray', 'black', 'silver']. High quality fashion illustration, detailed textures and materials.","A high-quality fashion illustration of a woman wearing a crisp white cotton voile blouse with an empire waist and three-quarter length sleeves, paired with charcoal gray linen wide-leg trousers featuring high waist and front pleats. She accessorizes with a delicate silver chain necklace and holds a small ivory clutch bag. She is standing in a softly lit room with natural light filtering through a large window, wearing simple black leather ballet flats. The background is subtly blurred to focus on the outfit and the model, with no distracting elements. The illustration captures detailed textures of the fabrics and a serene, focused atmosphere.","Pending"
"img_20250424_232329","outfit_20250424_231957_0_1","image_20250424_232329_0.jpg","2025-04-24 23:23:29","Fashion illustration of: Top: A chunky olive green wool turtleneck blouse with a boxy silhouette and exaggerated, pointed collar. Bottom: Rust-colored wide-leg tweed trousers with a high waist and sharply pressed creases. Shoes: Black leather Chelsea boots with stacked heels. Accessories: A long, flowing sage green cashmere scarf draped loosely around the neck. Color palette: ['green', 'red', 'black']. High quality fashion illustration, detailed textures and materials.","A high-quality fashion illustration of a woman wearing a chunky olive green wool turtleneck blouse with a boxy silhouette and an exaggerated, pointed collar, paired with rust-colored wide-leg tweed trousers with high waist and sharply pressed creases. She accessorizes with a long, flowing sage green cashmere scarf draped loosely around her neck and black leather Chelsea boots with stacked heels. The scene is set in a softly lit, neutral studio environment with a plain background to focus on the detailed textures and materials of the outfit. The woman has long, wavy brown hair and a serene expression, enhancing the elegant and sophisticated vibe of the attire. The color palette consists of green, red, and black, with the lighting highlighting the textures and colors of the clothing.","Pending"
"img_20250424_232341","outfit_20250424_232010_1_0","image_20250424_232341_0.jpg","2025-04-24 23:23:41","Fashion illustration of: Top: A blush pink silk blouse with delicate ruffle detailing at the neckline and long, billowing sleeves that gracefully drape to the elbows. Bottom: Flowing lavender chiffon midi skirt with a subtle A-line silhouette and an asymmetrical hem that falls slightly longer in the back. Shoes: Strappy silver satin heels with a pointed toe and a stiletto heel. Accessories: Delicate pearl earrings, a matching lavender silk clutch bag, and a light mint linen blazer for a touch of sophistication when entering cooler environments. Color palette: ['pink', 'silver', 'mint']. High quality fashion illustration, detailed textures and materials.","A high-quality fashion illustration of a woman wearing a blush pink silk blouse with delicate ruffle detailing at the neckline and long, billowing sleeves, paired with a flowing lavender chiffon midi skirt that has an asymmetrical hem slightly longer in the back. She accessorizes with strappy silver satin heels, delicate pearl earrings, and a lavender silk clutch bag. A light mint linen blazer is draped over her shoulders. The scene is set outdoors during the golden hour, with a softly blurred garden background to focus on the detailed textures and materials of the outfit. The woman's hair is styled in loose waves, and her expression is serene, looking slightly to the side. The overall composition highlights the elegance and sophistication of the fashion ensemble.","Pending"
"img_20250424_232352","outfit_20250424_232305_1_1","image_20250424_232352_0.jpg","2025-04-24 23:23:52","Fashion illustration of: Top: A flowing, ivory silk blouse with delicate gold embroidery along the neckline and cuffs. Bottom: Bronze sequined culottes crafted from a lightweight linen blend. Shoes: Silver metallic strappy heels with an ankle strap for a touch of glamor. Accessories: A layered necklace featuring turquoise stones and hammered silver pendants adds a bohemian touch. Color palette: ['gold', 'bronze', 'red', 'silver']. High quality fashion illustration, detailed textures and materials.","A high-quality fashion illustration of a woman wearing a flowing ivory silk blouse with delicate gold embroidery along the neckline and cuffs, paired with bronze sequined culottes made from a lightweight linen blend. She accessorizes with a layered necklace featuring turquoise stones and hammered silver pendants, and wears silver metallic strappy heels with an ankle strap. The woman has her hair styled in loose waves and has a serene expression. The background is softly blurred, possibly depicting a garden setting during the golden hour, with natural lighting highlighting the textures and materials of her outfit. The color palette includes gold, bronze, red, and silver, with a focus on the main subject against a non-distracting backdrop.","Pending"
"img_20250424_233101","outfit_20250424_232930_0_0","image_20250424_233101_0.jpg","2025-04-24 23:31:01","Fashion illustration of: Top: A cobalt blue cashmere turtleneck sweater with a high neckline and an oversized fit. Bottom: Black wool-blend wide-leg trousers with sharp pleats and a slightly cropped length, hitting just above the ankle. Shoes: Black leather platform Chelsea boots with gold hardware accents. Accessories: A long, emerald green tweed coat with a dramatic collar and a single large button closure. Color palette: ['blue', 'black', 'gold', 'green', 'silver']. High quality fashion illustration, detailed textures and materials.","A high-quality fashion illustration of a female model wearing a cobalt blue cashmere turtleneck sweater with a high neckline and oversized fit, paired with black wool-blend wide-leg trousers featuring sharp pleats and a slightly cropped length. She accessorizes with a long, emerald green tweed coat with a dramatic collar and a single large button closure. Her outfit is completed with black leather platform Chelsea boots with gold hardware accents. The background is a softly lit, neutral-toned studio setting that highlights the textures and materials of the clothing. The color palette consists of blue, black, gold, green, and silver. The focus is on the model's upper body and face, with her hair styled in loose waves, emphasizing the elegance and detail of the attire.","Pending"
"img_20250424_233112","outfit_20250424_232949_0_1","image_20250424_233112_0.jpg","2025-04-24 23:31:12","Fashion illustration of: Top: A silver metallic silk blouse with a relaxed fit and subtle draping details. Bottom: Wide-leg linen pants in a warm copper tone, providing a comfortable yet sophisticated silhouette. Shoes: Pointed-toe flats crafted from soft leather in a pale gold shade. Accessories: A simple platinum pendant necklace adds a touch of understated elegance. Color palette: ['silver', 'gold']. High quality fashion illustration, detailed textures and materials.","A high-quality fashion illustration of a woman wearing a silver metallic silk blouse with subtle draping details and wide-leg linen pants in a warm copper tone. She is accessorized with a simple platinum pendant necklace and pale gold pointed-toe flats. The woman has her hair styled in loose waves and is posed in a natural, relaxed stance against a softly lit, neutral background. The focus is primarily on her attire, highlighting the detailed textures and materials of the clothing and accessories. The scene exudes a sophisticated and elegant vibe, with no distracting elements, ensuring all attention is drawn to the fashion elements.","Pending"
"img_20250424_233125","outfit_20250424_233000_1_0","image_20250424_233125_0.jpg","2025-04-24 23:31:25","Fashion illustration of: Top: A sleeveless emerald green silk blouse with a draped neckline and an oversized, balloon-shaped sleeve. Bottom: Wide-leg terracotta satin trousers with a high waist and a flowing, a-line silhouette. Shoes: Black leather ankle boots with a stacked heel and silver buckles. Accessories: A long, sage green cashmere cardigan with fringe detailing worn loosely over the blouse, and a thin gold chain necklace. Color palette: ['green', 'black', 'silver', 'gold']. High quality fashion illustration, detailed textures and materials.","A high-resolution fashion illustration of a woman wearing an emerald green silk blouse with a draped neckline and oversized, balloon-shaped sleeves, paired with wide-leg terracotta satin trousers with a high waist and a flowing, a-line silhouette. She is accessorized with a long, sage green cashmere cardigan with fringe detailing worn loosely over the blouse, and a thin gold chain necklace. Her outfit is completed with black leather ankle boots with stacked heels and silver buckles. The woman is depicted in a sophisticated indoor setting with soft, natural lighting, focusing on her attire and accessories. The background is simple, featuring a neutral wall to highlight the detailed textures and materials of her clothing. The color palette includes green, black, silver, and gold, maintaining a cohesive and elegant look.","Pending"
"img_20250424_233137","outfit_20250424_233049_1_1","image_20250424_233137_0.jpg","2025-04-24 23:31:37","Fashion illustration of: Top: A mint green silk blouse with an oversized, slightly cropped fit and a rounded neckline. Bottom: Lavender cashmere wide-leg trousers with a high waist and crease detail running down the leg. Shoes: Pale peach satin loafers with a chunky, rubber sole. Accessories: A delicate gold chain necklace with a small pendant, and a soft pink velvet blazer worn open over the blouse. Color palette: ['mint', 'green', 'gold', 'pink']. High quality fashion illustration, detailed textures and materials.","A high-quality fashion illustration of a woman wearing a mint green silk blouse with an oversized, slightly cropped fit and a rounded neckline, paired with lavender cashmere wide-leg trousers featuring a high waist and a crease detail down the leg. She accessorizes with a delicate gold chain necklace with a small pendant and wears a soft pink velvet blazer open over the blouse. Her feet are adorned with pale peach satin loafers with a chunky, rubber sole. The setting is a softly lit, neutral background that highlights the outfit's detailed textures and materials. The woman has loose, wavy hair and a gentle, natural expression, enhancing the elegant and sophisticated vibe of the scene. The overall composition focuses primarily on the outfit and the model, ensuring the fashion elements are the central focus of the image.","Pending"
